resources/aeropOrty/train_1.wav;АэропортЫ
resources/aeropOrty/train_2.wav;АэропортЫ
resources/aeropOrty/train_3.wav;АэропортЫ
resources/aeropOrty/train_4.wav;АэропортЫ
resources/aeropOrty/train_5.wav;АэропортЫ
resources/aeropOrty/train_6.wav;АэропортЫ
resources/aeropOrty/train_7.wav;АэропортЫ
resources/aeropOrty/train_8.wav;АэропортЫ
resources/aeropOrty/train_9.wav;АэропортЫ
resources/aeropOrty/train_10.wav;АэропортЫ
resources/aeropOrty/train_11.wav;АэропортЫ
resources/aeropOrty/train_12.wav;АэропортЫ
resources/aeropOrty/train_13.wav;АэропортЫ
resources/aeropOrty/train_14.wav;АэропортЫ
resources/aeropOrty/train_15.wav;АэропортЫ
resources/aeropOrty/train_16.mp3;АэропортЫ
resources/aeropOrty/train_17.mp3;АэропортЫ
resources/aeropOrty/train_18.mp3;Аэропорты
resources/aeropOrty/train_19.mp3;Аэропорты
resources/aeropOrty/train_20.mp3;Аэропорты
resources/aeropOrty/train_21.mp3;Аэропорты
resources/aeropOrty/train_22.mp3;Аэропорты
resources/aeropOrty/train_23.mp3;Аэропорты
resources/aeropOrty/train_24.mp3;Аэропорты
resources/aeropOrty/train_25.mp3;АэропортЫ
resources/aeropOrty/train_26.mp3;АэропортЫ
resources/aeropOrty/train_27.mp3;АэропортЫ
resources/aeropOrty/train_28.mp3;АэропортЫ
resources/aeropOrty/train_29.mp3;АэропортЫ
resources/deshevIzna/train_2.mp3;Дешевизна
resources/deshevIzna/train_3.mp3;Дешевизна
resources/deshevIzna/train_4.mp3;Дешевизна
resources/deshevIzna/train_5.mp3;Дешевизна
resources/deshevIzna/train_6.mp3;Дешевизна
resources/deshevIzna/train_7.mp3;Дешевизна
resources/deshevIzna/train_8.mp3;Дешевизна
resources/deshevIzna/train_9.mp3;Дешевизна
resources/deshevIzna/train_10.mp3;ДешевизнА
resources/deshevIzna/train_11.mp3;ДешевизнА
resources/deshevIzna/train_12.mp3;ДешевизнА
resources/deshevIzna/train_13.mp3;ДешевизнА
resources/deshevIzna/train_14.mp3;ДешевизнА
resources/deshevIzna/train_15.mp3;ДешевизнА
resources/deshevIzna/train_16.mp3;ДешевизнА
resources/deshevIzna/train_17.mp3;ДешевизнА
resources/deshevIzna/train_18.mp3;ДешевизнА
resources/deshevIzna/train_19.wav;ДешевизнА
resources/deshevIzna/train_20.wav;ДешевизнА
resources/deshevIzna/train_21.wav;ДешевизнА
resources/deshevIzna/train_22.wav;ДешевизнА
resources/deshevIzna/train_23.wav;ДешевизнА
resources/deshevIzna/train_24.wav;ДешевизнА
resources/deshevIzna/train_25.wav;ДешевизнА
resources/deshevIzna/train_26.wav;ДешевизнА
resources/deshevIzna/train_27.wav;ДешевизнА
resources/deshevIzna/train_28.wav;ДешевизнА
resources/deshevIzna/train_29.wav;ДешевизнА
resources/deshevIzna/train_30.wav;ДешевизнА
resources/deshevIzna/train_31.wav;ДешевизнА
resources/deshevIzna/train_32.wav;ДешевизнА
resources/deshevIzna/train_33.wav;ДешевизнА
resources/dOnizu/train_1.mp3;Донизу
resources/dOnizu/train_2.mp3;Донизу
resources/dOnizu/train_3.mp3;Донизу
resources/dOnizu/train_4.mp3;Донизу
resources/dOnizu/train_5.mp3;Донизу
resources/dOnizu/train_6.mp3;Донизу
resources/dOnizu/train_7.mp3;Донизу
resources/dOnizu/train_8.mp3;Донизу
resources/dOnizu/train_9.mp3;Донизу
resources/dOnizu/train_10.mp3;ДонИзу
resources/dOnizu/train_11.mp3;ДонИзу
resources/dOnizu/train_12.mp3;ДонИзу
resources/dOnizu/train_13.mp3;ДонИзу
resources/dOnizu/train_14.mp3;ДонИзу
resources/dOnizu/train_15.mp3;ДонИзу
resources/dOnizu/train_16.mp3;ДонИзу
resources/dOnizu/train_17.mp3;ДонИзу
resources/dOnizu/train_18.wav;ДонИзу
resources/dOnizu/train_19.wav;ДонИзу
resources/dOnizu/train_21.wav;ДонИзу
resources/dOnizu/train_22.wav;ДонИзу
resources/dOnizu/train_23.wav;ДонИзу
resources/dOnizu/train_24.wav;ДонИзу
resources/dOnizu/train_25.wav;ДонИзу
resources/dOnizu/train_26.wav;ДонИзу
resources/dOnizu/train_27.wav;ДонИзу
resources/dOnizu/train_28.wav;ДонИзу
resources/dOnizu/train_29.wav;ДонИзу
resources/dOnizu/train_30.wav;ДонИзу
resources/dOnizu/train_31.wav;ДонИзу
resources/dOnizu/train_32.wav;ДонИзу
resources/dosUg/train_1.wav;ДОсуг
resources/dosUg/train_2.wav;ДОсуг
resources/dosUg/train_3.wav;ДОсуг
resources/dosUg/train_4.wav;ДОсуг
resources/dosUg/train_5.wav;ДОсуг
resources/dosUg/train_6.wav;ДОсуг
resources/dosUg/train_7.wav;ДОсуг
resources/dosUg/train_8.wav;ДОсуг
resources/dosUg/train_9.wav;ДОсуг
resources/dosUg/train_10.wav;ДОсуг
resources/dosUg/train_11.wav;ДОсуг
resources/dosUg/train_12.wav;ДОсуг
resources/dosUg/train_13.wav;ДОсуг
resources/dosUg/train_14.wav;ДОсуг
resources/dosUg/train_15.mp3;Досуг
resources/dosUg/train_16.mp3;Досуг
resources/dosUg/train_17.mp3;Досуг
resources/dosUg/train_18.mp3;Досуг
resources/dosUg/train_19.mp3;Досуг
resources/dosUg/train_20.mp3;Досуг
resources/dosUg/train_21.mp3;Досуг
resources/dosUg/train_22.mp3;ДОсуг
resources/dosUg/train_23.mp3;ДОсуг
resources/dosUg/train_24.mp3;ДОсуг
resources/dosUg/train_25.mp3;ДОсуг
resources/dosUg/train_26.mp3;ДОсуг
resources/dosUg/train_27.mp3;ДОсуг
resources/dosUg/train_28.mp3;ДОсуг
resources/dosUg/train_29.mp3;Досуг
resources/dosUg/train_30.mp3;Досуг
resources/dOverhu/train_1.mp3;Доверху
resources/dOverhu/train_2.mp3;Доверху
resources/dOverhu/train_3.mp3;Доверху
resources/dOverhu/train_4.mp3;Доверху
resources/dOverhu/train_5.mp3;Доверху
resources/dOverhu/train_6.mp3;Доверху
resources/dOverhu/train_7.mp3;Доверху
resources/dOverhu/train_8.mp3;Доверху
resources/dOverhu/train_9.mp3;ДовЕрху
resources/dOverhu/train_10.mp3;ДовЕрху
resources/dOverhu/train_11.mp3;ДовЕрху
resources/dOverhu/train_12.mp3;ДовЕрху
resources/dOverhu/train_13.mp3;ДовЕрху
resources/dOverhu/train_14.mp3;ДовЕрху
resources/dOverhu/train_15.mp3;ДовЕрху
resources/dOverhu/train_16.mp3;ДовЕрху
resources/dOverhu/train_17.mp3;ДовЕрху
resources/dOverhu/train_18.wav;ДовЕрху
resources/dOverhu/train_19.wav;ДовЕрху
resources/dOverhu/train_20.wav;ДовЕрху
resources/dOverhu/train_21.wav;ДовЕрху
resources/dOverhu/train_22.wav;ДовЕрху
resources/dOverhu/train_23.wav;ДовЕрху
resources/dOverhu/train_24.wav;ДовЕрху
resources/dOverhu/train_25.wav;ДовЕрху
resources/dOverhu/train_26.wav;ДовЕрху
resources/dOverhu/train_27.wav;ДовЕрху
resources/dOverhu/train_28.wav;ДовЕрху
resources/dOverhu/train_29.wav;ДовЕрху
resources/dOverhu/train_30.wav;ДовЕрху
resources/dOverhu/train_31.wav;ДовЕрху
resources/dOverhu/train_32.wav;ДовЕрху
resources/dozIrovat/train_1.wav;ДозировАть
resources/dozIrovat/train_2.wav;ДозировАть
resources/dozIrovat/train_3.wav;ДозировАть
resources/dozIrovat/train_4.wav;ДозировАть
resources/dozIrovat/train_5.wav;ДозировАть
resources/dozIrovat/train_6.wav;ДозировАть
resources/dozIrovat/train_7.wav;ДозировАть
resources/dozIrovat/train_8.wav;ДозировАть
resources/dozIrovat/train_9.wav;ДозировАть
resources/dozIrovat/train_10.wav;ДозировАть
resources/dozIrovat/train_11.wav;ДозировАть
resources/dozIrovat/train_12.wav;ДозировАть
resources/dozIrovat/train_13.wav;ДозировАть
resources/dozIrovat/train_14.wav;ДозировАть
resources/dozIrovat/train_15.mp3;Дозировать
resources/dozIrovat/train_16.mp3;Дозировать
resources/dozIrovat/train_17.mp3;Дозировать
resources/dozIrovat/train_18.mp3;Дозировать
resources/dozIrovat/train_19.mp3;Дозировать
resources/dozIrovat/train_20.mp3;ДозировАть
resources/dozIrovat/train_21.mp3;ДозировАть
resources/dozIrovat/train_22.mp3;ДозировАть
resources/dozIrovat/train_23.mp3;ДозировАть
resources/dozIrovat/train_24.mp3;ДозировАть
resources/dozIrovat/train_25.mp3;ДозировАть
resources/dozIrovat/train_26.mp3;ДозировАть
resources/dozIrovat/train_27.mp3;ДозировАть
resources/dozIrovat/train_28.mp3;ДозировАть
resources/katalOg/train_1.mp3;Каталог
resources/katalOg/train_2.mp3;Каталог
resources/katalOg/train_3.mp3;Каталог
resources/katalOg/train_4.mp3;Каталог
resources/katalOg/train_5.mp3;Каталог
resources/katalOg/train_6.mp3;Каталог
resources/katalOg/train_8.mp3;КатАлог
resources/katalOg/train_9.mp3;КатАлог
resources/katalOg/train_10.mp3;КатАлог
resources/katalOg/train_11.mp3;КатАлог
resources/katalOg/train_12.mp3;КатАлог
resources/katalOg/train_13.mp3;КатАлог
resources/katalOg/train_14.mp3;КатАлог
resources/katalOg/train_15.mp3;КатАлог
resources/katalOg/train_16.wav;КатАлог
resources/katalOg/train_17.wav;КатАлог
resources/katalOg/train_18.wav;КатАлог
resources/katalOg/train_19.wav;КатАлог
resources/katalOg/train_20.wav;КатАлог
resources/katalOg/train_21.wav;КатАлог
resources/katalOg/train_22.wav;КатАлог
resources/katalOg/train_23.wav;КатАлог
resources/katalOg/train_24.wav;КатАлог
resources/katalOg/train_25.wav;КатАлог
resources/katalOg/train_26.wav;КатАлог
resources/katalOg/train_27.wav;КатАлог
resources/katalOg/train_28.wav;КатАлог
resources/klAla/train_1.mp3;Клала
resources/klAla/train_2.mp3;Клала
resources/klAla/train_3.mp3;Клала
resources/klAla/train_4.mp3;Клала
resources/klAla/train_5.mp3;Клала
resources/klAla/train_6.mp3;Клала
resources/klAla/train_7.mp3;Клала
resources/klAla/train_8.mp3;Клала
resources/klAla/train_9.mp3;КлалА
resources/klAla/train_10.mp3;КлалА
resources/klAla/train_11.mp3;КлалА
resources/klAla/train_12.mp3;КлалА
resources/klAla/train_13.mp3;КлалА
resources/klAla/train_14.mp3;КлалА
resources/klAla/train_15.mp3;КлалА
resources/klAla/train_16.mp3;КлалА
resources/klAla/train_17.mp3;КлалА
resources/klAla/train_18.wav;КлалА
resources/klAla/train_19.wav;КлалА
resources/klAla/train_20.wav;КлалА
resources/klAla/train_21.wav;КлалА
resources/klAla/train_22.wav;КлалА
resources/klAla/train_23.wav;КлалА
resources/klAla/train_24.wav;КлалА
resources/klAla/train_25.wav;КлалА
resources/klAla/train_26.wav;КлалА
resources/klAla/train_27.wav;КлалА
resources/klAla/train_28.wav;КлалА
resources/klAla/train_29.wav;КлалА
resources/klAla/train_30.wav;КлалА
resources/krasIvee/train_1.wav;КрасивЕе
resources/krasIvee/train_2.wav;КрасивЕе
resources/krasIvee/train_3.wav;КрасивЕе
resources/krasIvee/train_4.wav;КрасивЕе
resources/krasIvee/train_5.wav;КрасивЕе
resources/krasIvee/train_6.wav;КрасивЕе
resources/krasIvee/train_7.wav;КрасивЕе
resources/krasIvee/train_8.wav;КрасивЕе
resources/krasIvee/train_9.wav;КрасивЕе
resources/krasIvee/train_10.wav;КрасивЕе
resources/krasIvee/train_11.wav;КрасивЕе
resources/krasIvee/train_12.wav;КрасивЕе
resources/krasIvee/train_13.wav;КрасивЕе
resources/krasIvee/train_14.mp3;КрасивЕе
resources/krasIvee/train_15.mp3;Красивее
resources/krasIvee/train_16.mp3;Красивее
resources/krasIvee/train_17.mp3;Красивее
resources/krasIvee/train_18.mp3;Красивее
resources/krasIvee/train_19.mp3;Красивее
resources/krasIvee/train_20.mp3;Красивее
resources/krasIvee/train_21.mp3;Красивее
resources/krasIvee/train_22.mp3;Красивее
resources/krasIvee/train_23.mp3;Красивее
resources/krasIvee/train_24.mp3;КрасивЕе
resources/krasIvee/train_25.mp3;КрасивЕе
resources/krasIvee/train_26.mp3;КрасивЕе
resources/krasIvee/train_27.mp3;КрасивЕе
resources/krasIvee/train_28.mp3;КрасивЕе
resources/krasIvee/train_29.mp3;КрасивЕе
resources/kUhonnyi/train_1.mp3;Кухонный
resources/kUhonnyi/train_2.mp3;Кухонный
resources/kUhonnyi/train_3.mp3;Кухонный
resources/kUhonnyi/train_4.mp3;Кухонный
resources/kUhonnyi/train_5.mp3;Кухонный
resources/kUhonnyi/train_6.mp3;Кухонный
resources/kUhonnyi/train_6.mp3;КухОнный
resources/kUhonnyi/train_7.mp3;КухОнный
resources/kUhonnyi/train_8.mp3;КухОнный
resources/kUhonnyi/train_9.mp3;КухОнный
resources/kUhonnyi/train_10.mp3;КухОнный
resources/kUhonnyi/train_11.mp3;КухОнный
resources/kUhonnyi/train_12.mp3;КухОнный
resources/kUhonnyi/train_13.mp3;КухОнный
resources/kUhonnyi/train_14.mp3;КухОнный
resources/kUhonnyi/train_15.wav;КухОнный
resources/kUhonnyi/train_16.wav;КухОнный
resources/kUhonnyi/train_17.wav;КухОнный
resources/kUhonnyi/train_18.wav;КухОнный
resources/kUhonnyi/train_19.wav;КухОнный
resources/kUhonnyi/train_20.wav;КухОнный
resources/kUhonnyi/train_21.wav;КухОнный
resources/kUhonnyi/train_22.wav;КухОнный
resources/kUhonnyi/train_23.wav;КухОнный
resources/kUhonnyi/train_24.wav;КухОнный
resources/kUhonnyi/train_25.wav;КухОнный
resources/kUhonnyi/train_26.wav;КухОнный
resources/kUhonnyi/train_27.wav;КухОнный
resources/kvartAl/train_1.mp3;Квартал
resources/kvartAl/train_2.mp3;Квартал
resources/kvartAl/train_3.mp3;Квартал
resources/kvartAl/train_4.mp3;Квартал
resources/kvartAl/train_5.mp3;Квартал
resources/kvartAl/train_6.mp3;Квартал
resources/kvartAl/train_7.mp3;Квартал
resources/kvartAl/train_8.mp3;КвАртал
resources/kvartAl/train_9.mp3;КвАртал
resources/kvartAl/train_10.mp3;КвАртал
resources/kvartAl/train_11.mp3;КвАртал
resources/kvartAl/train_12.mp3;КвАртал
resources/kvartAl/train_13.mp3;КвАртал
resources/kvartAl/train_14.mp3;КвАртал
resources/kvartAl/train_15.mp3;КвАртал
resources/kvartAl/train_16.wav;КвАртал
resources/kvartAl/train_17.wav;КвАртал
resources/kvartAl/train_18.wav;КвАртал
resources/kvartAl/train_19.wav;КвАртал
resources/kvartAl/train_20.wav;КвАртал
resources/kvartAl/train_21.wav;КвАртал
resources/kvartAl/train_22.wav;КвАртал
resources/kvartAl/train_23.wav;КвАртал
resources/kvartAl/train_24.wav;КвАртал
resources/kvartAl/train_25.wav;КвАртал
resources/kvartAl/train_26.wav;КвАртал
resources/kvartAl/train_27.wav;КвАртал
resources/kvartAl/train_28.wav;КвАртал
resources/nazhIvshiy/train_1.mp3;Наживший
resources/nazhIvshiy/train_2.mp3;Наживший
resources/nazhIvshiy/train_3.mp3;Наживший
resources/nazhIvshiy/train_4.mp3;Наживший
resources/nazhIvshiy/train_5.mp3;Наживший
resources/nazhIvshiy/train_6.mp3;НАживший
resources/nazhIvshiy/train_7.mp3;НАживший
resources/nazhIvshiy/train_8.mp3;НАживший
resources/nazhIvshiy/train_9.mp3;НАживший
resources/nazhIvshiy/train_10.mp3;НАживший
resources/nazhIvshiy/train_11.mp3;НАживший
resources/nazhIvshiy/train_12.mp3;НАживший
resources/nazhIvshiy/train_13.mp3;НАживший
resources/nazhIvshiy/train_14.mp3;НАживший
resources/nazhIvshiy/train_15.mp3;НАживший
resources/nazhIvshiy/train_16.mp3;НАживший
resources/nazhIvshiy/train_17.wav;НАживший
resources/nazhIvshiy/train_18.wav;НАживший
resources/nazhIvshiy/train_19.wav;НАживший
resources/nazhIvshiy/train_20.wav;НАживший
resources/nazhIvshiy/train_21.wav;НАживший
resources/nazhIvshiy/train_22.wav;НАживший
resources/nazhIvshiy/train_23.wav;НАживший
resources/nazhIvshiy/train_24.wav;НАживший
resources/nazhIvshiy/train_25.wav;НАживший
resources/nazhIvshiy/train_26.wav;НАживший
resources/nazhIvshiy/train_27.wav;НАживший
resources/nazhIvshiy/train_28.wav;НАживший
resources/nazhIvshiy/train_29.wav;НАживший
resources/optOvyi/train_1.mp3;Оптовый
resources/optOvyi/train_2.mp3;Оптовый
resources/optOvyi/train_3.mp3;Оптовый
resources/optOvyi/train_4.mp3;Оптовый
resources/optOvyi/train_5.mp3;Оптовый
resources/optOvyi/train_6.mp3;Оптовый
resources/optOvyi/train_7.mp3;ОптовЫй
resources/optOvyi/train_8.mp3;ОптовЫй
resources/optOvyi/train_9.mp3;ОптовЫй
resources/optOvyi/train_10.mp3;ОптовЫй
resources/optOvyi/train_11.mp3;ОптовЫй
resources/optOvyi/train_12.mp3;ОптовЫй
resources/optOvyi/train_13.mp3;ОптовЫй
resources/optOvyi/train_14.mp3;ОптовЫй
resources/optOvyi/train_15.mp3;ОптовЫй
resources/optOvyi/train_16.mp3;ОптовЫй
resources/optOvyi/train_17.wav;ОптовЫй
resources/optOvyi/train_18.wav;ОптовЫй
resources/optOvyi/train_19.wav;ОптовЫй
resources/optOvyi/train_20.wav;ОптовЫй
resources/optOvyi/train_21.wav;ОптовЫй
resources/optOvyi/train_22.wav;ОптовЫй
resources/optOvyi/train_23.wav;ОптовЫй
resources/optOvyi/train_24.wav;ОптовЫй
resources/optOvyi/train_25.wav;ОптовЫй
resources/optOvyi/train_26.wav;ОптовЫй
resources/optOvyi/train_27.wav;ОптовЫй
resources/optOvyi/train_28.wav;ОптовЫй
resources/optOvyi/train_29.wav;ОптовЫй
resources/optOvyi/train_30.wav;ОптовЫй
resources/optOvyi/train_31.wav;ОптовЫй
resources/perezvoNit/train_1.mp3;Перезвонит
resources/perezvoNit/train_2.mp3;Перезвонит
resources/perezvoNit/train_3.mp3;Перезвонит
resources/perezvoNit/train_4.mp3;Перезвонит
resources/perezvoNit/train_5.mp3;Перезвонит
resources/perezvoNit/train_6.mp3;Перезвонит
resources/perezvoNit/train_7.mp3;ПерезвОнит
resources/perezvoNit/train_8.mp3;ПерезвОнит
resources/perezvoNit/train_9.mp3;ПерезвОнит
resources/perezvoNit/train_10.mp3;ПерезвОнит
resources/perezvoNit/train_11.mp3;ПерезвОнит
resources/perezvoNit/train_12.mp3;ПерезвОнит
resources/perezvoNit/train_13.mp3;ПерезвОнит
resources/perezvoNit/train_14.mp3;ПерезвОнит
resources/perezvoNit/train_15.wav;ПерезвОнит
resources/perezvoNit/train_16.wav;ПерезвОнит
resources/perezvoNit/train_17.wav;ПерезвОнит
resources/perezvoNit/train_18.wav;ПерезвОнит
resources/perezvoNit/train_19.wav;ПерезвОнит
resources/perezvoNit/train_20.wav;ПерезвОнит
resources/perezvoNit/train_21.wav;ПерезвОнит
resources/perezvoNit/train_22.wav;ПерезвОнит
resources/perezvoNit/train_23.wav;ПерезвОнит
resources/perezvoNit/train_24.wav;ПерезвОнит
resources/perezvoNit/train_25.wav;ПерезвОнит
resources/perezvoNit/train_26.wav;ПерезвОнит
resources/perezvoNit/train_27.wav;ПерезвОнит
resources/perezvoNit/train_28.wav;ПерезвОнит
resources/perezvoNit/train_29.wav;ПерезвОнит
resources/prinYAt/train_1.mp3;Принять
resources/prinYAt/train_2.mp3;Принять
resources/prinYAt/train_3.mp3;Принять
resources/prinYAt/train_4.mp3;Принять
resources/prinYAt/train_5.mp3;Принять
resources/prinYAt/train_6.mp3;Принять
resources/prinYAt/train_7.mp3;Принять
resources/prinYAt/train_8.mp3;Принять
resources/prinYAt/train_9.mp3;Принять
resources/prinYAt/train_10.mp3;Принять
resources/prinYAt/train_11.mp3;Принять
resources/prinYAt/train_12.mp3;Принять
resources/prinYAt/train_13.mp3;Принять
resources/prinYAt/train_14.wav;Принять
resources/prinYAt/train_15.wav;Принять
resources/prinYAt/train_16.wav;Принять
resources/prinYAt/train_17.wav;Принять
resources/prinYAt/train_18.wav;Принять
resources/prinYAt/train_19.wav;Принять
resources/prinYAt/train_20.wav;Принять
resources/prinYAt/train_21.wav;Принять
resources/prinYAt/train_22.wav;Принять
resources/prinYAt/train_23.wav;Принять
resources/prinYAt/train_24.wav;Принять
resources/prinYAt/train_25.wav;Принять
resources/prinYAt/train_26.wav;Принять
resources/prinYAt/train_27.wav;Принять
resources/prinYAt/train_28.wav;Принять
resources/prinyatA/train_1.mp3;Принята
resources/prinyatA/train_2.mp3;Принята
resources/prinyatA/train_3.mp3;Принята
resources/prinyatA/train_4.mp3;Принята
resources/prinyatA/train_5.mp3;Принята
resources/prinyatA/train_6.mp3;Принята
resources/prinyatA/train_7.mp3;Принята
resources/prinyatA/train_8.mp3;ПрИнята
resources/prinyatA/train_9.mp3;ПрИнята
resources/prinyatA/train_10.mp3;ПрИнята
resources/prinyatA/train_11.mp3;ПрИнята
resources/prinyatA/train_12.mp3;ПрИнята
resources/prinyatA/train_13.mp3;ПрИнята
resources/prinyatA/train_14.mp3;ПрИнята
resources/prinyatA/train_15.mp3;ПрИнята
resources/prinyatA/train_16.mp3;ПрИнята
resources/prinyatA/train_17.mp3;Принята
resources/prinyatA/train_18.mp3;ПрИнята
resources/prinyatA/train_19.mp3;ПрИнята
resources/prinyatA/train_20.mp3;ПрИнята
resources/prinyatA/train_21.wav;ПрИнята
resources/prinyatA/train_22.wav;ПрИнята
resources/prinyatA/train_23.wav;ПрИнята
resources/prinyatA/train_24.wav;ПрИнята
resources/prinyatA/train_25.wav;ПрИнята
resources/prinyatA/train_26.wav;ПрИнята
resources/prinyatA/train_27.wav;ПрИнята
resources/prinyatA/train_28.wav;ПрИнята
resources/prinyatA/train_29.wav;ПрИнята
resources/prinyatA/train_30.wav;ПрИнята
resources/prinyatA/train_31.wav;ПрИнята
resources/prinyatA/train_32.wav;ПрИнята
resources/slIvovyi/train_1.mp3;Сливовый
resources/slIvovyi/train_2.mp3;Сливовый
resources/slIvovyi/train_3.mp3;Сливовый
resources/slIvovyi/train_4.mp3;Сливовый
resources/slIvovyi/train_5.mp3;Сливовый
resources/slIvovyi/train_6.mp3;Сливовый
resources/slIvovyi/train_7.mp3;Сливовый
resources/slIvovyi/train_8.mp3;Сливовый
resources/slIvovyi/train_9.mp3;Сливовый
resources/slIvovyi/train_10.mp3;СливОвый
resources/slIvovyi/train_11.mp3;СливОвый
resources/slIvovyi/train_12.mp3;СливОвый
resources/slIvovyi/train_13.mp3;СливОвый
resources/slIvovyi/train_14.mp3;СливОвый
resources/slIvovyi/train_15.mp3;СливОвый
resources/slIvovyi/train_16.mp3;СливОвый
resources/slIvovyi/train_17.mp3;СливОвый
resources/slIvovyi/train_18.mp3;СливОвый
resources/slIvovyi/train_19.mp3;СливОвый
resources/slIvovyi/train_20.mp3;СливОвый
resources/slIvovyi/train_20.wav;СливОвый
resources/slIvovyi/train_21.wav;СливОвый
resources/slIvovyi/train_22.wav;СливОвый
resources/slIvovyi/train_23.wav;СливОвый
resources/slIvovyi/train_24.wav;СливОвый
resources/slIvovyi/train_25.wav;СливОвый
resources/slIvovyi/train_26.wav;СливОвый
resources/slIvovyi/train_27.wav;СливОвый
resources/slIvovyi/train_28.wav;СливОвый
resources/slIvovyi/train_29.wav;СливОвый
resources/slIvovyi/train_30.wav;СливОвый
resources/slIvovyi/train_31.wav;СливОвый
resources/slIvovyi/train_32.wav;СливОвый
resources/slIvovyi/train_33.wav;СливОвый
resources/slIvovyi/train_34.wav;СливОвый
resources/snyatA/train_1.mp3;Снята
resources/snyatA/train_2.mp3;Снята
resources/snyatA/train_3.mp3;Снята
resources/snyatA/train_4.mp3;Снята
resources/snyatA/train_5.mp3;Снята
resources/snyatA/train_6.mp3;Снята
resources/snyatA/train_7.mp3;Снята
resources/snyatA/train_8.mp3;СнЯта
resources/snyatA/train_9.mp3;СнЯта
resources/snyatA/train_10.mp3;СнЯта
resources/snyatA/train_11.mp3;СнЯта
resources/snyatA/train_12.mp3;СнЯта
resources/snyatA/train_13.mp3;СнЯта
resources/snyatA/train_14.mp3;СнЯта
resources/snyatA/train_15.mp3;СнЯта
resources/snyatA/train_16.mp3;СнЯта
resources/snyatA/train_17.mp3;Снята
resources/snyatA/train_18.wav;СнЯта
resources/snyatA/train_19.wav;СнЯта
resources/snyatA/train_20.wav;СнЯта
resources/snyatA/train_21.wav;СнЯта
resources/snyatA/train_22.wav;СнЯта
resources/snyatA/train_23.wav;СнЯта
resources/snyatA/train_24.wav;СнЯта
resources/snyatA/train_25.wav;СнЯта
resources/snyatA/train_26.wav;СнЯта
resources/snyatA/train_27.wav;СнЯта
resources/snyatA/train_28.wav;СнЯта
resources/snyatA/train_29.wav;СнЯта
resources/snyatA/train_30.wav;СнЯта
resources/snyatA/train_31.wav;СнЯта
resources/snyatA/train_32.wav;СнЯта
resources/srEdstva/train_1.mp3;СрЕдства
resources/srEdstva/train_2.mp3;СрЕдства
resources/srEdstva/train_3.mp3;СрЕдства
resources/srEdstva/train_4.mp3;СрЕдства
resources/srEdstva/train_5.mp3;СрЕдства
resources/srEdstva/train_6.mp3;СрЕдства
resources/srEdstva/train_7.mp3;СредствА
resources/srEdstva/train_8.mp3;СредствА
resources/srEdstva/train_9.mp3;СредствА
resources/srEdstva/train_10.mp3;СредствА
resources/srEdstva/train_11.mp3;СредствА
resources/srEdstva/train_12.mp3;СредствА
resources/srEdstva/train_14.wav;СредствА
resources/srEdstva/train_15.mp3;СредствА
resources/svEkla/train_1.mp3;Свекла
resources/svEkla/train_2.mp3;Свекла
resources/svEkla/train_3.mp3;Свекла
resources/svEkla/train_4.mp3;Свекла
resources/svEkla/train_5.mp3;Свекла
resources/svEkla/train_6.mp3;Свекла
resources/svEkla/train_7.mp3;Свекла
resources/svEkla/train_8.mp3;СвеклА
resources/svEkla/train_9.mp3;СвеклА
resources/svEkla/train_10.mp3;СвеклА
resources/svEkla/train_11.mp3;СвеклА
resources/svEkla/train_12.mp3;СвеклА
resources/svEkla/train_13.mp3;СвеклА
resources/svEkla/train_14.mp3;СвеклА
resources/svEkla/train_15.mp3;СвеклА
resources/svEkla/train_16.mp3;СвеклА
resources/svEkla/train_17.mp3;Свекла
resources/svEkla/train_18.mp3;Свекла
resources/svEkla/train_19.wav;СвеклА
resources/svEkla/train_20.wav;СвеклА
resources/svEkla/train_21.wav;СвеклА
resources/svEkla/train_22.wav;СвеклА
resources/svEkla/train_23.wav;СвеклА
resources/svEkla/train_24.wav;СвеклА
resources/svEkla/train_25.wav;СвеклА
resources/svEkla/train_26.wav;СвеклА
resources/svEkla/train_27.wav;СвеклА
resources/svEkla/train_28.wav;СвеклА
resources/svEkla/train_29.wav;СвеклА
resources/svEkla/train_30.wav;СвеклА
resources/svEkla/train_31.wav;СвеклА
resources/svEkla/train_32.wav;СвеклА
resources/uglublEnnyi/train_1.mp3;Углубленный
resources/uglublEnnyi/train_2.mp3;Углубленный
resources/uglublEnnyi/train_3.mp3;Углубленный
resources/uglublEnnyi/train_4.mp3;Углубленный
resources/uglublEnnyi/train_5.mp3;Углубленный
resources/uglublEnnyi/train_6.mp3;Углубленный
resources/uglublEnnyi/train_7.mp3;Углубленный
resources/uglublEnnyi/train_8.mp3;Углубленный
resources/uglublEnnyi/train_9.mp3;УглУбленный
resources/uglublEnnyi/train_10.mp3;УглУбленный
resources/uglublEnnyi/train_11.mp3;УглУбленный
resources/uglublEnnyi/train_12.mp3;УглУбленный
resources/uglublEnnyi/train_13.mp3;УглУбленный
resources/uglublEnnyi/train_14.mp3;УглУбленный
resources/uglublEnnyi/train_15.mp3;УглУбленный
resources/uglublEnnyi/train_16.mp3;УглУбленный
resources/uglublEnnyi/train_17.mp3;УглУбленный
resources/uglublEnnyi/train_18.mp3;УглУбленный
resources/uglublEnnyi/train_19.mp3;УглУбленный
resources/uglublEnnyi/train_20.mp3;Углубленный
resources/uglublEnnyi/train_21.wav;УглУбленный
resources/uglublEnnyi/train_22.wav;УглУбленный
resources/uglublEnnyi/train_23.wav;УглУбленный
resources/uglublEnnyi/train_24.wav;УглУбленный
resources/uglublEnnyi/train_25.wav;УглУбленный
resources/uglublEnnyi/train_26.wav;УглУбленный
resources/uglublEnnyi/train_27.wav;УглУбленный
resources/uglublEnnyi/train_28.wav;УглУбленный
resources/uglublEnnyi/train_29.wav;УглУбленный
resources/uglublEnnyi/train_30.wav;УглУбленный
resources/uglublEnnyi/train_31.wav;УглУбленный
resources/uglublEnnyi/train_32.wav;УглУбленный
resources/uglublEnnyi/train_33.wav;УглУбленный
resources/uglublEnnyi/train_34.wav;УглУбленный
resources/vodoprovOd/train_1.mp3;Водопровод
resources/vodoprovOd/train_2.mp3;Водопровод
resources/vodoprovOd/train_3.mp3;Водопровод
resources/vodoprovOd/train_4.mp3;Водопровод
resources/vodoprovOd/train_5.mp3;Водопровод
resources/vodoprovOd/train_6.mp3;Водопровод
resources/vodoprovOd/train_7.mp3;ВодопрОвод
resources/vodoprovOd/train_8.mp3;ВодопрОвод
resources/vodoprovOd/train_9.mp3;ВодопрОвод
resources/vodoprovOd/train_10.mp3;ВодопрОвод
resources/vodoprovOd/train_11.mp3;ВодопрОвод
resources/vodoprovOd/train_12.mp3;ВодопрОвод
resources/vodoprovOd/train_13.mp3;ВодопрОвод
resources/vodoprovOd/train_14.wav;ВодопрОвод
resources/vodoprovOd/train_15.wav;ВодопрОвод
resources/vodoprovOd/train_16.wav;ВодопрОвод
resources/vodoprovOd/train_17.wav;ВодопрОвод
resources/vodoprovOd/train_18.wav;ВодопрОвод
resources/vodoprovOd/train_19.wav;ВодопрОвод
resources/vodoprovOd/train_21.wav;ВодопрОвод
resources/vodoprovOd/train_22.wav;ВодопрОвод
resources/vodoprovOd/train_23.wav;ВодопрОвод
resources/vodoprovOd/train_24.wav;ВодопрОвод
resources/vodoprovOd/train_25.wav;ВодопрОвод
resources/vodoprovOd/train_26.wav;ВодопрОвод
resources/vodoprovOd/train_27.wav;ВодопрОвод
resources/vodoprovOd/train_28.wav;ВодопрОвод
resources/zakUporit/train_1.mp3;Закупорить
resources/zakUporit/train_2.mp3;Закупорить
resources/zakUporit/train_3.mp3;Закупорить
resources/zakUporit/train_4.mp3;Закупорить
resources/zakUporit/train_5.mp3;Закупорить
resources/zakUporit/train_6.mp3;ЗакупОрить
resources/zakUporit/train_7.mp3;ЗакупОрить
resources/zakUporit/train_8.mp3;ЗакупОрить
resources/zakUporit/train_9.mp3;ЗакупОрить
resources/zakUporit/train_10.mp3;ЗакупОрить
resources/zakUporit/train_11.mp3;ЗакупОрить
resources/zakUporit/train_12.mp3;ЗакупОрить
resources/zakUporit/train_13.mp3;ЗакупОрить
resources/zakUporit/train_14.wav;ЗакупОрить
resources/zakUporit/train_15.wav;ЗакупОрить
resources/zakUporit/train_16.wav;ЗакупОрить
resources/zakUporit/train_17.wav;ЗакупОрить
resources/zakUporit/train_18.wav;ЗакупОрить
resources/zakUporit/train_19.wav;ЗакупОрить
resources/zakUporit/train_20.wav;ЗакупОрить
resources/zakUporit/train_21.wav;ЗакупОрить
resources/zakUporit/train_22.wav;ЗакупОрить
resources/zakUporit/train_23.wav;ЗакупОрить
resources/zakUporit/train_24.wav;ЗакупОрить
resources/zakUporit/train_25.wav;ЗакупОрить
resources/zakUporit/train_26.wav;ЗакупОрить
resources/zakUporit/train_27.wav;ЗакупОрить
resources/zakUporit/train_28.mp3;ЗакупОрить
resources/zakUporit/train_28.mp3;Закупорить
resources/zvonIt/train_1.mp3;Звонит
resources/zvonIt/train_2.mp3;Звонит
resources/zvonIt/train_3.mp3;Звонит
resources/zvonIt/train_4.mp3;Звонит
resources/zvonIt/train_5.mp3;Звонит
resources/zvonIt/train_6.mp3;Звонит
resources/zvonIt/train_7.mp3;ЗвОнит
resources/zvonIt/train_8.mp3;ЗвОнит
resources/zvonIt/train_9.mp3;ЗвОнит
resources/zvonIt/train_10.mp3;ЗвОнит
resources/zvonIt/train_11.mp3;ЗвОнит
resources/zvonIt/train_12.mp3;ЗвОнит
resources/zvonIt/train_13.mp3;ЗвОнит
resources/zvonIt/train_14.mp3;ЗвОнит
resources/zvonIt/train_15.wav;ЗвОнит
resources/zvonIt/train_16.wav;ЗвОнит
resources/zvonIt/train_17.wav;ЗвОнит
resources/zvonIt/train_18.wav;ЗвОнит
resources/zvonIt/train_19.wav;ЗвОнит
resources/zvonIt/train_20.wav;ЗвОнит
resources/zvonIt/train_21.wav;ЗвОнит
resources/zvonIt/train_22.wav;ЗвОнит
resources/zvonIt/train_23.wav;ЗвОнит
resources/zvonIt/train_24.wav;ЗвОнит
resources/zvonIt/train_25.wav;ЗвОнит
resources/zvonIt/train_26.wav;ЗвОнит
resources/zvonIt/train_27.wav;ЗвОнит
resources/zvonIt/train_28.wav;ЗвОнит
resources/zvonIt/train_29.wav;ЗвОнит
resources/zvonIt/train_30.mp3;ЗвОнит
resources/zvonIt/train_31.mp3;Звонит
